DATA,TOTAL,PRODUCAO M.O.,PRODUCAO INTERNA,CORTE,CORTE VOIL,BAINHA CONTINUA,BARRADO,EMENDA,OVERLOQUE,PALETEIRA,ACABAMENTO,FURO,ILHOS,DOBRA,EMBALAGEM,MÊS
02/01/2024,4381.09,300.62,4080.47,278.63,338.38,186.79,760.49,0.0,9.59,451.09,358.69,342.32,511.05,689.02,154.42,JANEIRO
03/01/2024,5628.610000000001,791.77,4836.84,94.67,800.14,190.16,1126.48,0.0,29.48,511.05,465.63,280.48,502.37,684.31,152.07,JANEIRO
04/01/2024,5856.26,617.93,5238.33,388.23,733.45,211.74,739.92,0.0,48.37,565.93,529.73,452.4,549.63,833.2,185.73,JANEIRO
05/01/2024,4984.4800000000005,370.76,4613.72,223.03,274.7,136.77,1122.09,0.0,17.18,462.18,417.03,424.81,428.49,904.76,202.68,JANEIRO
08/01/2024,5111.28,411.95,4699.33,284.66,690.94,177.14,602.39,0.0,0.35,426.78,510.93,455.21,675.24,716.09,159.6,JANEIRO
09/01/2024,4931.3,436.67,4494.63,302.37,487.37,233.47,729.15,0.0,22.45,468.89,536.31,314.05,687.19,583.67,129.71,JANEIRO
10/01/2024,4653.33,205.15,4448.18,274.99,647.56,226.88,669.77,0.0,0.0,413.72,426.78,122.56,568.96,897.34,199.62,JANEIRO
11/01/2024,4805.87,99.36,4706.51,216.45,577.99,220.16,656.18,0.0,0.0,558.9,539.12,470.84,543.39,753.99,169.49,JANEIRO
12/01/2024,4596.49,177.96,4418.53,168.45,516.79,139.24,949.37,0.0,0.0,512.47,385.78,218.94,532.45,808.13,186.91,JANEIRO
13/01/2024,325.21000000000004,134.53,190.68,4.24,0.0,0.0,0.0,0.0,0.0,0.0,0.0,0.0,0.0,152.54,33.9,JANEIRO
15/01/2024,5437.59,213.21,5224.38,384.44,345.41,143.18,784.18,0.0,35.02,677.89,741.8,365.73,606.1,933.24,207.39,JANEIRO
16/01/2024,5093.08,274.52,4818.56,250.82,501.79,130.9,770.82,0.0,0.0,636.82,576.97,478.54,733.92,603.8,134.18,JANEIRO
17/01/2024,5448.45,109.25,5339.2,368.68,563.69,267.05,580.38,0.0,84.18,677.65,576.62,468.08,612.13,932.18,208.56,JANEIRO
18/01/2024,4648.259999999999,265.15,4383.11,327.3,623.55,148.57,603.54,0.0,85.74,528.62,540.41,227.64,455.12,688.9,153.72,JANEIRO
19/01/2024,4544.29,197.74,4346.55,244.36,589.78,158.01,644.88,0.0,55.91,498.71,457.51,299.06,565.84,681.13,151.36,JANEIRO
22/01/2024,6101.49,306.02,5795.47,556.07,576.42,88.94,961.08,0.0,1.24,834.73,570.79,535.41,794.27,717.15,159.37,JANEIRO
23/01/2024,6614.740000000001,200.68,6414.06,445.94,326.65,89.6,1167.32,0.0,26.78,334.86,710.4,711.6,1132.72,1201.25,266.94,JANEIRO
24/01/2024,5822.43,260.09,5562.34,188.92,205.1,57.06,1510.44,0.0,12.71,621.16,619.87,507.35,829.87,826.25,183.61,JANEIRO
25/01/2024,5221.81,499.05,4722.76,4.71,212.1,386.7,794.65,0.0,11.65,435.55,549.82,522.45,815.16,799.77,190.2,JANEIRO
26/01/2024,4763.65,0.0,4763.65,297.83,522.77,280.77,716.73,0.0,0.0,677.18,403.9,465.75,750.07,530.71,117.94,JANEIRO
27/01/2024,377.82000000000005,183.61,194.21,194.21,0.0,0.0,0.0,0.0,0.0,0.0,0.0,0.0,0.0,0.0,0.0,JANEIRO
29/01/2024,5036.8,260.35,4776.45,217.14,395.47,109.98,985.59,0.0,0.0,543.89,631.24,455.44,631.11,659.94,146.65,JANEIRO
30/01/2024,5733.94,378.99,5354.95,199.69,720.38,0.0,1031.05,0.0,16.24,460.44,321.12,464.8,838.76,1065.66,236.81,JANEIRO
31/01/2024,5732.31,494.34,5237.97,150.02,538.07,6.59,1307.32,29.43,0.0,489.01,542.19,399.9,864.21,745.51,165.72,JANEIRO
01/02/2024,4790.139999999999,324.44,4465.7,20.01,409.95,328.15,496.75,0.0,5.8,514.02,617.6,491.17,671.13,745.16,165.96,FEVEREIRO
02/02/2024,5448.25,158.9,5289.35,48.09,1090.03,216.04,891.87,29.43,0.0,491.49,579.85,387.11,385.03,954.78,215.63,FEVEREIRO
05/02/2024,5085.63,0.0,5085.63,210.59,127.42,277.48,884.46,10.3,0.0,594.35,589.23,590.46,691.43,907.47,202.44,FEVEREIRO
06/02/2024,5044.25,333.68,4710.57,42.02,376.76,117.13,800.24,0.0,0.0,449.08,579.61,386.17,975.59,805.07,178.9,FEVEREIRO
07/02/2024,4536.3,0.0,4536.3,390.18,577.84,195.91,745.45,0.0,0.0,503.99,544.36,294.58,487.63,650.41,145.95,FEVEREIRO
08/02/2024,5240.44,0.0,5240.44,242.05,973.44,168.62,639.52,0.0,1.06,502.54,615.16,410.2,610.66,881.34,195.85,FEVEREIRO
09/02/2024,4461.63,250.38,4211.25,175.67,309.16,180.58,899.76,0.0,15.89,545.48,417.82,325.91,545.45,650.76,144.77,FEVEREIRO
12/02/2024,4494.67,363.59,4131.08,156.39,662.0,51.21,600.92,0.0,0.0,571.39,648.41,297.95,473.33,547.54,121.94,FEVEREIRO
13/02/2024,4900.82,473.74,4427.08,24.02,525.45,118.17,774.35,0.0,16.95,591.65,488.93,444.5,460.38,804.01,178.67,FEVEREIRO
14/02/2024,4844.14,395.83,4448.31,66.39,594.87,222.23,779.47,0.0,0.0,561.93,575.61,389.92,462.94,650.41,144.54,FEVEREIRO
15/02/2024,5162.83,288.36,4874.47,233.55,481.48,261.76,672.71,0.0,25.42,564.22,462.03,487.41,696.73,809.31,179.85,FEVEREIRO
16/02/2024,5373.23,476.45,4896.78,143.36,90.12,24.72,1173.35,0.0,0.0,550.92,551.86,325.95,776.76,1030.7,229.04,FEVEREIRO
17/02/2024,212.66,102.5,110.16,0.0,0.0,0.0,68.85,0.0,41.31,0.0,0.0,0.0,0.0,0.0,0.0,FEVEREIRO
19/02/2024,5646.9,351.23,5295.67,187.8,522.46,97.94,1071.89,0.0,35.66,413.56,489.07,480.16,789.3,987.97,219.86,FEVEREIRO
20/02/2024,5815.0,199.23,5615.77,161.48,653.44,361.63,768.58,0.0,0.0,647.23,364.66,624.08,853.91,966.08,214.68,FEVEREIRO
21/02/2024,4912.99,214.16,4698.83,126.52,624.88,416.17,798.06,27.95,0.0,492.72,397.68,373.7,496.96,772.35,171.84,FEVEREIRO
22/02/2024,6361.41,177.23,6184.18,179.41,1077.72,190.37,978.47,0.0,0.0,432.19,800.6,531.08,941.75,861.21,191.38,FEVEREIRO
23/02/2024,5917.3099999999995,371.08,5546.23,218.12,515.41,70.69,1118.33,0.0,0.0,563.02,712.56,636.26,724.8,807.19,179.85,FEVEREIRO
26/02/2024,6259.75,220.1,6039.65,177.16,1077.44,123.89,873.92,0.0,5.3,671.33,673.23,443.19,690.9,1066.24,237.05,FEVEREIRO
27/02/2024,5051.98,83.45,4968.53,225.98,335.19,254.94,957.61,0.0,0.0,315.91,594.21,467.37,767.32,859.09,190.91,FEVEREIRO
28/02/2024,5387.16,111.53,5275.63,142.59,914.33,197.09,944.07,0.0,0.0,504.11,481.45,408.85,704.11,800.6,178.43,FEVEREIRO
29/02/2024,6779.38,298.03,6481.35,71.36,1366.1,353.04,1203.31,0.0,0.0,488.93,671.95,433.57,676.3,995.51,221.28,FEVEREIRO
01/03/2024,5224.11,296.11,4928.0,200.38,703.86,133.99,1082.55,0.0,0.0,562.16,665.96,448.68,664.33,380.88,85.21,MARÇO
04/03/2024,4150.53,80.33,4070.2,124.21,216.57,338.93,811.07,0.0,11.89,523.62,466.14,478.83,667.8,352.75,78.39,MARÇO
05/03/2024,4988.81,191.14,4797.67,167.02,637.18,165.02,976.09,0.0,27.6,410.77,468.15,413.62,633.7,735.15,163.37,MARÇO
06/03/2024,5501.18,214.76,5286.42,198.62,638.26,195.37,858.62,88.28,16.42,621.51,627.81,499.39,813.34,596.03,132.77,MARÇO
07/03/2024,5102.84,453.14,4649.7,245.17,472.17,172.49,813.95,44.14,94.4,636.99,578.44,412.27,397.8,638.99,142.89,MARÇO
08/03/2024,5774.820000000001,301.47,5473.35,0.0,699.87,315.76,780.7,0.0,0.0,710.73,644.7,346.17,745.69,1005.63,224.1,MARÇO
11/03/2024,5424.54,119.25,5305.29,238.46,694.27,111.64,1165.58,0.0,8.18,525.75,592.9,415.72,449.11,902.88,200.8,MARÇO
12/03/2024,6094.7699999999995,353.95,5740.82,168.08,539.18,242.58,1210.19,0.0,1.65,565.78,585.05,418.46,924.89,887.69,197.27,MARÇO
13/03/2024,5623.62,311.91,5311.71,155.21,806.49,191.0,951.34,0.0,0.0,567.34,510.12,619.94,760.64,613.33,136.3,MARÇO
14/03/2024,6438.969999999999,685.65,5753.32,60.42,555.4,121.05,1033.29,0.0,4.24,501.4,499.05,473.84,1084.11,1161.82,258.7,MARÇO
15/03/2024,4829.099999999999,201.86,4627.24,391.82,665.24,172.09,1058.48,0.0,13.3,383.88,475.07,441.63,204.89,671.6,149.24,MARÇO
18/03/2024,5211.459999999999,282.48,4928.98,208.14,348.96,200.03,759.28,29.43,36.43,462.36,630.11,462.99,685.81,865.57,239.87,MARÇO
19/03/2024,5067.7,47.08,5020.62,361.36,476.54,131.53,811.31,32.37,7.42,537.01,499.75,407.98,873.66,721.38,160.31,MARÇO
20/03/2024,6074.0599999999995,145.41,5928.65,456.36,427.2,0.0,1022.17,26.48,46.43,593.68,525.11,591.01,987.06,1025.05,228.1,MARÇO
21/03/2024,6082.57,249.17,5833.4,337.3,360.3,186.73,770.91,0.0,19.42,491.4,493.8,539.97,905.5,1413.58,314.49,MARÇO
22/03/2024,6004.35,385.35,5619.0,219.42,177.09,71.58,683.54,0.0,0.0,697.73,793.6,665.06,1052.53,1029.64,228.81,MARÇO
23/03/2024,1687.16,464.68,1222.48,0.0,0.0,0.0,0.0,0.0,0.0,273.78,238.13,152.41,76.53,394.06,87.57,MARÇO
25/03/2024,6328.599999999999,411.95,5916.65,232.22,397.44,119.2,695.52,2.94,35.66,596.56,977.9,680.29,912.7,1036.0,230.22,MARÇO
26/03/2024,5733.5,247.17,5486.33,188.88,508.05,176.26,528.38,0.0,11.42,558.66,497.28,646.54,818.52,1270.1,282.24,MARÇO
27/03/2024,6285.759999999999,375.53,5910.23,2.47,475.94,190.73,863.83,5.89,2.12,522.0,582.63,689.42,1216.11,1111.68,247.41,MARÇO
28/03/2024,5551.27,188.67,5362.6,279.76,325.76,105.14,949.13,58.85,24.01,626.86,676.78,612.11,673.27,843.32,187.61,MARÇO
01/04/2024,5351.3,444.91,4906.39,173.78,217.24,210.21,615.39,0.0,0.41,787.52,575.23,604.77,979.5,606.51,135.83,ABRIL
02/04/2024,4568.14,289.68,4278.46,128.91,293.33,132.84,464.5,44.14,10.71,595.15,487.01,532.77,572.76,831.55,184.79,ABRIL
03/04/2024,5103.64,273.22,4830.42,159.57,430.34,100.28,509.17,88.28,4.41,741.03,609.86,417.6,712.23,864.62,193.03,ABRIL
04/04/2024,5128.75,186.93,4941.82,261.11,370.57,197.32,688.96,58.85,0.0,605.98,592.94,422.1,553.1,972.91,217.98,ABRIL
05/04/2024,6062.71,279.05,5783.66,277.83,712.52,109.17,666.24,0.0,2.47,635.79,760.11,425.72,726.33,1200.07,267.41,ABRIL
06/04/2024,1229.61,145.81,1083.8,0.0,0.0,0.0,0.0,0.0,0.0,0.0,284.95,243.98,294.63,212.92,47.32,ABRIL
08/04/2024,5566.07,125.07,5441.0,287.33,375.78,272.86,537.07,0.0,20.24,398.64,849.39,631.96,986.65,884.52,196.56,ABRIL
09/04/2024,6246.04,247.58,5998.46,223.04,758.99,275.74,824.9,0.0,19.16,548.78,575.85,678.67,957.87,929.01,206.45,ABRIL
10/04/2024,7109.97,296.6,6813.37,255.06,993.92,282.19,688.9,0.0,23.19,501.7,641.94,845.02,1378.09,984.44,218.92,ABRIL
11/04/2024,5556.85,479.18,5077.67,173.64,537.56,169.05,928.42,32.37,8.47,558.19,609.45,507.86,224.42,1083.66,244.58,ABRIL
12/04/2024,5012.02,351.81,4660.21,16.24,399.11,214.57,517.64,73.56,5.65,575.26,697.35,574.03,464.53,917.24,205.03,ABRIL
13/04/2024,557.31,51.91,505.4,280.03,225.37,0.0,0.0,0.0,0.0,0.0,0.0,0.0,0.0,0.0,0.0,ABRIL
15/04/2024,5193.65,78.74,5114.91,0.0,0.0,302.5,616.57,14.71,15.89,775.05,727.03,600.79,990.83,875.69,195.85,ABRIL
16/04/2024,5242.37,266.41,4975.96,0.0,0.0,80.76,1107.79,0.0,8.12,866.01,616.45,405.06,887.55,821.55,182.67,ABRIL
17/04/2024,5919.87,243.71,5676.16,0.0,0.0,215.89,976.79,0.0,0.0,761.84,690.59,726.51,1182.38,915.24,206.92,ABRIL
18/04/2024,6171.280000000001,270.47,5900.81,0.0,0.0,276.68,803.36,147.12,3.18,600.45,724.5,681.29,1058.8,1313.53,291.9,ABRIL
19/04/2024,4031.27,0.0,4031.27,0.0,0.0,262.71,994.89,0.0,0.0,524.35,706.02,468.94,0.0,878.98,195.38,ABRIL
22/04/2024,6521.64,317.5,6204.14,236.22,640.05,0.0,920.24,58.85,6.59,698.73,883.34,398.97,1149.9,986.21,225.04,ABRIL
23/04/2024,6980.5199999999995,374.29,6606.23,205.98,735.4,102.68,910.47,0.0,0.0,724.74,711.91,497.62,1212.99,1230.91,273.53,ABRIL
24/04/2024,5737.080000000001,82.77,5654.31,280.67,407.47,239.93,525.56,0.0,0.0,793.95,599.74,479.53,851.5,1207.6,268.36,ABRIL
25/04/2024,5352.2699999999995,121.11,5231.16,280.5,254.93,175.49,779.0,111.82,1.94,630.22,741.75,456.11,827.08,795.53,176.79,ABRIL
26/04/2024,5929.27,236.8,5692.47,272.05,519.13,38.84,770.76,173.61,0.0,688.31,604.23,491.29,925.0,989.39,219.86,ABRIL
29/04/2024,6240.85,166.31,6074.54,201.24,544.44,53.32,853.5,170.67,0.0,630.61,786.65,737.43,791.27,1067.89,237.52,ABRIL
30/04/2024,6079.66,221.57,5858.09,203.15,461.93,191.56,603.39,222.16,0.0,604.15,716.26,551.62,1084.49,997.63,221.75,ABRIL
02/05/2024,7111.54,181.96,6929.58,216.33,642.03,285.17,897.99,179.49,0.0,707.02,820.49,702.4,1062.15,1142.98,273.53,MAIO
03/05/2024,6442.21,205.63,6236.58,260.12,569.77,278.54,787.82,0.0,0.0,547.72,1019.64,718.17,760.93,1020.81,273.06,MAIO
06/05/2024,6336.81,227.21,6109.6,354.22,604.57,241.05,717.79,0.0,11.0,622.37,704.26,481.71,1109.0,1033.88,229.75,MAIO
07/05/2024,7111.7,172.44,6939.26,619.93,448.98,296.9,860.03,0.0,0.0,777.17,693.78,798.4,1135.36,1070.72,237.99,MAIO
08/05/2024,6493.28,131.59,6361.69,351.25,723.38,135.91,978.26,0.0,0.0,713.5,875.57,598.43,915.97,874.98,194.44,MAIO
09/05/2024,8194.29,261.27,7933.02,959.02,855.04,156.79,1223.61,0.0,0.0,612.86,705.14,572.95,1237.47,1317.3,292.84,MAIO
10/05/2024,6862.42,173.38,6689.04,191.85,938.83,285.6,829.02,0.0,0.0,705.96,651.59,504.03,1062.42,1240.56,279.18,MAIO
11/05/2024,45.9,0.0,45.9,45.9,0.0,0.0,0.0,0.0,0.0,0.0,0.0,0.0,0.0,0.0,0.0,MAIO
13/05/2024,6571.35,148.22,6423.13,182.67,812.74,233.78,1047.53,155.95,0.0,700.28,760.62,579.51,885.81,870.74,193.5,MAIO
14/05/2024,6243.37,94.14,6149.23,226.93,392.82,226.16,1003.33,123.58,1.06,737.86,732.15,580.5,748.57,1126.04,250.23,MAIO
15/05/2024,7279.679999999999,221.11,7058.57,208.02,910.82,51.61,1272.4,0.0,0.0,831.7,1020.97,880.2,696.9,970.32,215.63,MAIO
16/05/2024,7382.06,130.14,7251.92,148.36,571.97,396.38,838.79,0.0,0.0,746.68,1084.85,637.29,1706.39,917.35,203.86,MAIO
17/05/2024,7198.98,0.0,7198.98,688.83,702.36,309.57,1029.23,0.0,0.0,855.53,805.22,828.58,1016.4,788.12,175.14,MAIO
20/05/2024,7353.35,23.54,7329.81,242.7,856.71,159.37,971.91,0.0,0.0,750.46,877.63,810.57,1066.1,1303.88,290.48,MAIO
21/05/2024,7190.33,44.49,7145.84,593.4,878.28,93.92,998.86,0.0,0.0,691.05,791.89,681.71,1126.39,1055.65,234.69,MAIO
22/05/2024,6872.62,173.78,6698.84,174.16,561.55,122.05,950.6,0.0,0.0,848.76,704.61,529.23,1193.04,1320.12,294.72,MAIO
23/05/2024,6631.5,215.98,6415.52,628.4,672.31,261.74,583.03,32.37,22.25,685.34,705.08,620.83,979.62,1001.86,222.69,MAIO
24/05/2024,8016.13,189.57,7826.56,322.17,952.23,115.64,1023.64,0.0,0.0,543.19,735.66,802.12,1031.11,1882.26,418.54,MAIO
25/05/2024,350.86,0.0,350.86,0.0,0.0,0.0,0.0,0.0,0.0,0.0,0.0,0.0,0.0,287.07,63.79,MAIO
27/05/2024,6354.57,222.98,6131.59,181.28,667.27,353.89,757.11,29.43,0.0,780.19,697.5,743.06,889.16,844.85,187.85,MAIO
28/05/2024,7873.46,295.13,7578.33,366.0,853.26,183.42,1423.82,0.0,0.0,772.99,754.63,713.9,1254.45,1027.52,228.34,MAIO
29/05/2024,6575.7,212.45,6363.25,247.17,618.6,209.06,1158.29,5.89,0.0,508.81,553.3,496.68,1000.16,1280.69,284.6,MAIO
31/05/2024,7152.38,564.96,6587.42,267.3,838.04,314.17,709.26,0.0,0.82,594.56,661.47,696.41,1085.11,1162.05,258.23,MAIO
01/06/2024,294.26,0.0,294.26,123.58,170.68,0.0,0.0,0.0,0.0,0.0,0.0,0.0,0.0,0.0,0.0,JUNHO
03/06/2024,5918.13,247.17,5670.96,518.62,630.52,202.81,879.57,58.85,0.0,675.77,716.52,476.71,637.32,714.67,159.6,JUNHO
04/06/2024,6962.87,288.12,6674.75,551.34,524.27,46.61,1483.61,0.0,12.71,778.35,770.55,790.84,733.21,804.36,178.9,JUNHO
05/06/2024,6379.61,205.98,6173.63,216.71,394.85,419.95,955.55,0.0,0.0,637.7,597.37,864.41,824.75,1032.82,229.52,JUNHO
06/06/2024,7378.650000000001,617.93,6760.72,294.43,691.85,140.06,1113.82,14.71,0.0,851.44,664.12,559.31,1278.69,942.78,209.51,JUNHO
07/06/2024,6456.0599999999995,205.98,6250.08,209.09,484.81,278.6,912.29,58.85,0.0,812.08,737.33,626.55,1163.46,790.94,176.08,JUNHO
08/06/2024,138.54,0.0,138.54,0.0,0.0,0.0,0.0,0.0,0.0,0.0,0.0,0.0,0.0,113.35,25.19,JUNHO
10/06/2024,6000.12,299.9,5700.22,350.51,362.23,56.03,817.9,0.0,0.0,666.18,904.4,513.76,1008.98,834.73,185.5,JUNHO
11/06/2024,5909.709999999999,351.23,5558.48,203.7,715.49,34.19,870.69,14.71,0.0,807.33,812.25,622.54,872.83,494.58,110.17,JUNHO
12/06/2024,5248.969999999999,330.69,4918.28,188.98,542.15,168.41,960.14,0.0,0.0,596.33,657.41,477.47,681.1,490.46,155.83,JUNHO
13/06/2024,6052.5199999999995,183.91,5868.61,276.23,518.68,102.05,1289.64,0.0,2.12,642.68,796.24,320.1,713.85,987.39,219.63,JUNHO
14/06/2024,5179.2699999999995,202.83,4976.44,224.34,696.17,263.32,1045.94,0.0,16.95,433.4,739.74,580.47,410.33,462.91,102.87,JUNHO
15/06/2024,275.13,58.85,216.28,0.0,69.98,0.0,0.0,0.0,0.0,0.0,0.0,0.0,0.0,119.7,26.6,JUNHO
17/06/2024,6000.43,165.62,5834.81,424.2,566.83,159.48,841.44,0.0,0.0,650.4,609.52,547.64,1012.72,836.61,185.97,JUNHO
18/06/2024,5513.76,257.17,5256.59,122.05,379.29,105.02,830.9,0.0,0.0,608.92,555.78,535.14,849.15,1038.94,231.4,JUNHO
19/06/2024,5733.7300000000005,218.13,5515.6,181.56,571.25,146.18,820.6,100.05,15.42,540.48,798.08,328.8,847.12,953.96,212.1,JUNHO
20/06/2024,5929.31,164.85,5764.46,228.06,533.3,126.78,913.0,0.0,6.18,521.47,611.76,548.15,768.96,1232.79,274.01,JUNHO
21/06/2024,5239.139999999999,110.23,5128.91,174.51,528.44,134.47,860.95,45.61,0.0,584.79,664.7,500.12,675.95,784.94,174.43,JUNHO
22/06/2024,324.15,0.0,324.15,0.0,0.0,0.0,0.0,0.0,0.0,0.0,0.0,0.0,0.0,324.15,0.0,JUNHO
24/06/2024,6607.3,154.63,6452.67,235.89,444.48,128.76,1012.87,25.01,34.96,555.63,880.1,561.14,847.41,1412.4,314.02,JUNHO
25/06/2024,5375.85,176.21,5199.64,223.69,530.07,84.63,867.57,0.0,0.0,584.26,653.56,524.22,818.87,746.81,165.96,JUNHO
26/06/2024,5651.849999999999,192.07,5459.78,189.9,310.69,183.69,671.71,29.43,0.0,458.88,836.14,523.35,902.67,1107.09,246.23,JUNHO
27/06/2024,6112.16,218.75,5893.41,243.05,555.24,65.21,726.15,403.12,0.0,793.42,872.1,530.0,789.06,747.28,168.78,JUNHO
28/06/2024,6006.4,180.67,5825.73,240.05,741.16,227.29,794.65,50.02,1.79,636.52,904.35,593.6,909.97,594.27,132.06,JUNHO
29/06/2024,296.31,0.0,296.31,0.0,0.0,0.0,0.0,0.0,0.0,0.0,0.0,296.31,0.0,0.0,0.0,JUNHO
01/07/2024,5309.5,252.01,5057.49,103.4,178.88,124.94,490.1,41.2,33.9,602.57,1038.16,571.73,1005.04,579.44,288.13,JULHO
02/07/2024,5914.91,227.87,5687.04,234.48,519.42,188.26,590.91,5.89,22.25,714.44,760.7,582.85,774.67,981.97,311.2,JULHO
03/07/2024,5471.79,204.88,5266.91,212.68,487.02,204.44,776.08,0.0,3.88,724.15,776.94,521.46,753.54,640.76,165.96,JULHO
05/07/2024,4349.83,73.59,4276.24,145.01,879.66,118.64,884.69,5.89,34.96,717.73,244.52,119.86,176.26,776.47,172.55,JULHO
08/07/2024,5631.66,32.37,5599.29,270.0,460.01,141.95,734.68,29.43,41.78,775.29,1051.77,561.85,790.91,456.32,285.3,JULHO
10/07/2024,6035.21,0.0,6035.21,215.29,611.52,190.82,914.09,58.85,19.77,714.73,847.03,507.91,875.07,878.16,201.97,JULHO
11/07/2024,5482.84,253.35,5229.49,68.5,694.04,170.9,782.12,58.85,31.9,643.11,565.67,525.2,386.62,1060.12,242.46,JULHO
12/07/2024,5452.450000000001,246.93,5205.52,176.73,634.65,311.67,752.34,58.85,45.43,600.38,38.65,574.91,65.97,1592.13,353.81,JULHO
15/07/2024,6329.23,201.86,6127.37,210.86,611.88,180.82,887.58,0.0,78.62,510.92,778.75,671.77,871.57,1083.55,241.05,JULHO
16/07/2024,6457.900000000001,186.13,6271.77,369.7,565.98,42.73,736.1,223.63,10.95,736.51,989.92,594.89,849.79,796.59,354.98,JULHO
17/07/2024,5376.43,209.38,5167.05,210.41,562.88,172.3,562.43,10.3,21.48,422.95,428.25,692.85,578.76,1230.91,273.53,JULHO
18/07/2024,5804.33,170.99,5633.34,269.24,540.76,171.02,755.25,0.0,7.77,515.76,269.71,583.72,961.29,1275.4,283.42,JULHO
19/07/2024,6661.33,181.26,6480.07,210.45,703.55,247.89,683.25,29.43,8.36,429.02,668.59,457.16,1193.54,1512.68,336.15,JULHO
22/07/2024,5634.92,445.09,5189.83,136.24,739.96,299.63,676.48,29.43,0.0,405.89,727.74,313.84,1033.55,628.16,198.91,JULHO
23/07/2024,6862.85,643.94,6218.91,273.99,975.42,274.65,880.63,17.66,7.77,730.92,548.26,523.45,854.35,883.46,248.35,JULHO
24/07/2024,5951.0599999999995,204.4,5746.66,268.44,315.21,60.91,1171.2,29.43,57.44,633.05,785.68,506.94,848.94,874.98,194.44,JULHO
25/07/2024,5830.87,267.94,5562.93,218.99,0.0,0.0,1308.94,0.0,3.88,578.11,643.12,567.97,777.03,1190.65,274.24,JULHO
26/07/2024,5317.05,154.85,5162.2,163.86,400.59,272.4,795.92,0.0,2.59,380.17,913.12,508.63,752.6,795.53,176.79,JULHO
29/07/2024,6446.38,293.96,6152.42,224.28,852.97,214.68,794.86,35.31,3.88,645.3,756.42,544.97,712.08,887.69,479.98,JULHO
30/07/2024,6946.49,254.88,6691.61,235.54,830.07,267.56,872.92,0.0,1.06,605.13,656.88,518.79,799.86,1503.15,400.65,JULHO
31/07/2024,6348.9400000000005,185.59,6163.35,255.88,558.36,249.85,968.97,0.0,0.0,611.2,698.74,469.2,759.61,1300.59,290.95,JULHO
01/08/2024,5933.21,172.03,5761.18,281.01,539.14,249.11,1094.26,0.0,5.18,507.61,905.17,421.08,646.47,909.94,202.21,AGOSTO
02/08/2024,5958.5,212.91,5745.59,431.31,910.74,124.2,578.35,0.0,5.89,640.88,828.14,438.31,550.04,1012.69,225.04,AGOSTO
03/08/2024,297.78,0.0,297.78,0.0,0.0,0.0,0.0,0.0,0.0,0.0,0.0,0.0,0.0,243.64,54.14,AGOSTO
05/08/2024,5221.110000000001,181.1,5040.01,285.19,368.04,214.04,985.09,0.0,78.98,460.5,624.93,454.95,678.83,727.74,161.72,AGOSTO
07/08/2024,5021.68,177.14,4844.54,297.31,422.98,96.4,1008.72,64.74,0.0,550.01,545.36,480.67,663.68,584.73,129.94,AGOSTO
08/08/2024,4953.4800000000005,151.01,4802.47,85.57,333.3,218.72,741.33,0.0,0.0,583.32,516.06,513.41,846.32,777.06,187.38,AGOSTO
09/08/2024,4664.1900000000005,22.3,4641.89,132.71,575.66,208.67,880.57,17.66,0.0,386.96,644.03,421.27,739.95,519.06,115.35,AGOSTO
10/08/2024,445.38,0.0,445.38,0.0,0.0,0.0,0.0,0.0,0.0,0.0,0.0,0.0,0.0,364.4,80.98,AGOSTO
12/08/2024,5614.89,45.84,5569.05,238.87,669.67,135.33,992.8,0.0,17.66,672.54,656.38,416.3,771.29,816.72,181.49,AGOSTO
13/08/2024,6438.39,195.38,6243.01,336.21,572.52,194.96,1016.75,158.9,0.0,650.35,844.54,385.5,905.11,963.96,214.21,AGOSTO
14/08/2024,5757.26,273.06,5484.2,204.64,622.87,260.68,879.4,29.43,5.3,695.7,604.7,478.92,674.92,753.16,274.48,AGOSTO
15/08/2024,5408.08,173.9,5234.18,220.37,637.12,175.08,949.96,0.0,0.0,540.79,682.58,468.96,645.85,683.25,230.22,AGOSTO
16/08/2024,5592.75,0.0,5592.75,229.69,704.16,302.37,1013.34,0.0,21.89,454.44,562.61,0.0,214.6,1709.71,379.94,AGOSTO
17/08/2024,423.37,0.0,423.37,0.0,0.0,0.0,0.0,0.0,0.0,0.0,0.0,0.0,0.0,346.39,76.98,AGOSTO
19/08/2024,6634.54,169.06,6465.48,875.45,1064.51,207.0,965.02,58.85,0.0,622.28,617.34,414.97,629.02,826.25,184.79,AGOSTO
20/08/2024,4646.77,0.0,4646.77,195.85,544.5,409.2,576.02,29.43,7.77,649.08,721.73,438.73,423.46,293.43,357.57,AGOSTO
21/08/2024,5364.400000000001,194.97,5169.43,74.15,926.85,231.72,725.09,88.28,0.0,559.49,901.76,480.32,711.79,384.53,85.45,AGOSTO
22/08/2024,7232.629999999999,182.44,7050.19,14.27,896.19,109.58,1202.07,0.0,49.67,565.25,617.69,583.32,633.79,1945.93,432.43,AGOSTO
23/08/2024,4939.35,0.0,4939.35,174.91,545.3,205.17,1000.45,0.0,0.0,543.43,268.07,639.52,585.0,799.77,177.73,AGOSTO
24/08/2024,687.45,0.0,687.45,0.0,0.0,0.0,0.0,0.0,0.0,0.0,0.0,133.32,0.0,453.38,100.75,AGOSTO
26/08/2024,5368.69,0.0,5368.69,257.76,514.81,324.2,712.79,0.0,50.61,704.43,690.88,418.45,673.24,835.79,185.73,AGOSTO
27/08/2024,6384.58,0.0,6384.58,655.93,806.27,272.14,893.49,29.43,21.89,655.98,784.7,482.54,512.11,1039.17,230.93,AGOSTO
28/08/2024,5192.11,0.0,5192.11,315.14,649.29,142.67,1165.05,22.07,13.3,422.19,721.43,442.12,571.23,595.33,132.29,AGOSTO
29/08/2024,5654.52,0.0,5654.52,514.94,598.19,51.08,1097.38,83.86,31.25,585.44,747.4,390.98,531.42,836.61,185.97,AGOSTO
30/08/2024,5574.85,0.0,5574.85,465.15,676.14,229.46,625.9,0.0,0.0,648.41,889.64,455.85,609.39,797.65,177.26,AGOSTO
31/08/2024,62.79,0.0,62.79,0.0,0.0,0.0,0.0,0.0,0.0,0.0,0.0,62.79,0.0,0.0,0.0,AGOSTO
02/09/2024,5255.030000000001,157.72,5097.31,278.83,711.94,361.31,788.15,0.0,31.9,568.79,720.18,443.23,560.22,515.53,117.23,SETEMBRO
03/09/2024,6435.08,250.89,6184.19,495.83,1049.02,221.53,1081.19,0.0,0.35,639.36,470.12,668.65,653.62,739.98,164.54,SETEMBRO
04/09/2024,5463.900000000001,192.97,5270.93,338.74,727.83,156.13,709.02,0.0,0.0,510.99,583.39,674.92,869.48,573.08,127.35,SETEMBRO
05/09/2024,5549.9800000000005,34.72,5515.26,371.59,659.74,235.66,1125.68,0.0,0.0,417.31,462.38,671.66,560.08,827.31,183.85,SETEMBRO
06/09/2024,6063.72,0.0,6063.72,589.09,934.63,305.14,1003.27,29.43,0.0,515.29,542.29,573.04,729.86,688.43,153.25,SETEMBRO
09/09/2024,5731.969999999999,230.23,5501.74,320.33,953.77,188.67,586.56,0.0,51.2,514.94,541.74,446.14,805.66,894.05,198.68,SETEMBRO
10/09/2024,5899.929999999999,115.99,5783.94,262.58,704.68,204.33,739.89,0.0,12.59,691.78,506.7,848.72,532.21,1047.65,232.81,SETEMBRO
11/09/2024,6095.67,24.72,6070.95,329.91,74.14,105.11,979.65,85.33,10.59,823.49,758.69,611.83,1059.06,1008.81,224.34,SETEMBRO
12/09/2024,5625.06,46.93,5578.13,154.78,531.89,165.6,1023.46,0.0,0.0,712.11,873.42,267.12,731.48,913.71,204.56,SETEMBRO
13/09/2024,6558.71,0.0,6558.71,581.67,716.52,166.49,1049.88,0.0,0.0,843.14,862.46,614.69,891.72,678.66,153.48,SETEMBRO
14/09/2024,290.01,0.0,290.01,0.0,0.0,0.0,0.0,0.0,0.0,0.0,0.0,0.0,0.0,237.28,52.73,SETEMBRO
16/09/2024,6233.860000000001,29.43,6204.43,282.92,913.35,283.94,794.18,29.43,0.0,596.74,575.74,713.93,850.62,951.25,212.33,SETEMBRO
17/09/2024,6888.66,180.25,6708.41,274.05,862.89,261.59,934.33,0.0,1.77,655.02,708.47,696.81,834.82,1209.6,269.06,SETEMBRO
18/09/2024,6082.0,103.28,5978.72,343.98,770.85,286.94,801.71,29.43,1.41,540.98,754.89,363.29,1082.78,820.02,182.44,SETEMBRO
19/09/2024,5287.370000000001,125.35,5162.02,184.24,529.28,171.77,802.6,0.0,0.0,502.38,646.51,414.32,655.53,1027.05,228.34,SETEMBRO
20/04/2024,5346.57,0.0,5346.57,440.1,577.15,201.27,883.87,0.0,8.83,589.03,879.28,277.08,675.83,628.16,185.97,SETEMBRO
21/09/2024,263.15,0.0,263.15,0.0,0.0,0.0,0.0,0.0,0.0,0.0,0.0,0.0,71.53,156.78,34.84,SETEMBRO
23/09/2024,3880.82,25.07,3855.75,260.69,600.45,277.44,313.67,0.0,0.71,314.99,490.57,398.1,291.78,742.33,165.02,SETEMBRO
24/09/2024,4269.24,183.38,4085.86,186.11,394.72,169.49,799.12,0.0,14.36,131.82,532.43,584.94,492.16,638.76,141.95,SETEMBRO
25/09/2024,4321.45,0.0,4321.45,239.52,425.3,244.29,799.77,58.85,1.41,462.77,347.36,480.26,337.74,575.79,348.39,SETEMBRO
26/09/2024,4731.68,209.68,4522.0,295.98,578.3,289.42,725.86,0.0,25.89,576.61,521.16,497.56,274.54,602.74,133.94,SETEMBRO
27/09/2024,4962.54,0.0,4962.54,358.57,540.44,59.99,868.51,58.85,27.19,458.91,703.58,479.33,491.81,748.93,166.43,SETEMBRO
28/09/2024,747.83,0.0,747.83,0.0,0.0,0.0,0.0,0.0,0.0,0.0,0.0,180.7,255.11,255.29,56.73,SETEMBRO
30/09/2024,5139.62,14.83,5124.79,247.11,558.43,196.5,807.83,0.0,22.25,456.09,604.29,200.0,690.99,1097.43,243.87,SETEMBRO
01/10/2024,5602.93,275.71,5327.22,261.88,495.55,120.5,574.85,57.38,9.06,547.13,723.96,428.56,957.72,887.69,262.94,OUTUBRO
02/10/2024,5877.2300000000005,295.43,5581.8,219.97,856.04,206.4,876.51,0.0,46.61,603.21,881.87,484.0,748.19,539.18,119.82,OUTUBRO
03/10/2024,4075.69,27.89,4047.8,230.1,257.67,155.91,740.74,29.43,9.89,510.04,356.85,319.35,683.01,617.57,137.24,OUTUBRO
04/10/2024,4494.04,0.0,4494.04,284.19,671.71,124.67,1076.43,0.0,0.0,652.88,480.1,236.25,358.01,498.93,110.87,OUTUBRO
05/10/2024,750.26,0.0,750.26,0.0,0.0,0.0,0.0,0.0,0.0,0.0,0.0,110.79,392.18,202.33,44.96,OUTUBRO
07/10/2024,5800.22,0.0,5800.22,407.48,521.76,238.0,773.35,0.0,0.0,450.79,799.68,472.47,1251.12,724.56,161.01,OUTUBRO
08/10/2024,4576.87,0.0,4576.87,252.88,607.08,44.08,452.35,205.98,0.0,685.13,651.12,370.01,555.9,615.34,137.0,OUTUBRO
09/10/2024,3231.13,223.25,3007.88,65.62,472.08,212.7,356.04,10.3,0.0,334.97,394.94,359.81,0.0,655.71,145.71,OUTUBRO
10/10/2024,4858.12,306.82,4551.3,109.4,210.49,2.35,12.3,211.86,0.0,499.28,601.37,616.98,1023.64,1033.88,229.75,OUTUBRO
11/10/2024,4717.64,0.0,4717.64,220.45,0.0,0.0,247.76,211.86,5.3,588.21,683.47,356.04,909.17,1223.49,271.89,OUTUBRO
14/10/2024,3709.24,87.1,3622.14,197.74,0.0,0.0,8.47,0.0,4.47,442.96,698.41,346.57,921.89,819.43,182.2,OUTUBRO
15/10/2024,4985.82,108.13,4877.69,245.7,557.25,213.61,224.4,0.0,1.29,416.54,670.54,468.37,794.36,1051.88,233.75,OUTUBRO
16/10/2024,5241.12,198.03,5043.09,324.26,430.76,255.69,357.16,0.0,0.0,491.75,460.6,395.74,664.74,1360.14,302.25,OUTUBRO
17/10/2024,4967.9,0.0,4967.9,228.87,712.12,78.08,410.42,0.0,0.0,377.35,529.85,442.03,920.38,1038.11,230.69,OUTUBRO
18/10/2024,4710.450000000001,155.6,4554.85,213.08,350.15,78.68,555.54,0.0,0.0,398.53,301.98,551.62,981.47,919.47,204.33,OUTUBRO
21/10/2024,5302.339999999999,344.86,4957.48,301.84,0.0,0.0,790.53,0.0,128.35,541.01,619.38,536.57,778.76,1031.76,229.28,OUTUBRO
22/10/2024,4434.08,135.3,4298.78,153.86,0.0,11.42,666.92,0.0,4.24,353.84,726.95,509.41,792.36,883.46,196.32,OUTUBRO
23/10/2024,5145.67,184.55,4961.12,209.53,0.0,15.54,729.15,147.13,63.56,596.91,561.33,430.42,457.71,1087.9,661.94,OUTUBRO
24/10/2024,4078.27,107.11,3971.16,191.22,151.59,25.42,411.48,0.0,0.0,381.47,391.32,602.02,615.16,983.03,218.45,OUTUBRO
25/10/2024,3974.0,0.0,3974.0,191.56,0.0,0.0,0.0,0.0,0.0,810.07,846.66,378.08,996.71,614.39,136.53,OUTUBRO
28/10/2024,4362.67,0.0,4362.67,192.5,0.0,0.0,0.0,0.0,0.0,576.73,766.87,355.93,972.67,1225.61,272.36,OUTUBRO
29/10/2024,3616.18,0.0,3616.18,176.2,0.0,0.0,0.0,0.0,0.0,617.93,641.7,489.27,607.42,886.63,197.03,OUTUBRO
30/10/2024,3263.33,0.0,3263.33,175.37,191.49,0.0,0.0,0.0,0.0,581.14,568.79,335.26,378.11,845.32,187.85,OUTUBRO
31/10/2024,3634.59,0.0,3634.59,0.0,0.0,0.0,26.72,0.0,18.13,697.65,554.0,293.26,896.43,939.6,208.8,OUTUBRO
01/11/2024,2882.88,0.0,2882.88,0.0,0.0,0.0,47.67,58.85,29.78,625.25,584.82,136.24,668.77,598.5,133.0,NOVEMBRO
04/11/2024,4418.02,0.0,4418.02,0.0,178.05,20.01,7.06,241.29,6.36,540.07,844.85,507.92,591.27,1211.84,269.3,NOVEMBRO
05/11/2024,3789.65,0.0,3789.65,0.0,158.19,45.2,234.22,88.28,0.0,579.64,494.58,688.01,762.73,604.39,134.41,NOVEMBRO
06/11/2024,3808.24,0.0,3808.24,0.0,31.13,19.19,432.55,0.0,64.03,456.88,707.61,520.26,707.49,710.91,158.19,NOVEMBRO
07/11/2024,5051.03,0.0,5051.03,238.51,378.32,137.61,456.03,0.0,19.07,714.38,882.99,475.07,684.81,870.74,193.5,NOVEMBRO
08/11/2024,4450.29,0.0,4450.29,44.63,209.78,20.92,485.39,0.0,0.0,615.1,704.29,643.56,385.2,979.85,361.57,NOVEMBRO
11/11/2024,3762.03,0.0,3762.03,0.0,186.11,123.17,211.51,0.0,12.95,549.98,741.38,476.71,641.97,669.48,148.77,NOVEMBRO
12/11/2024,4376.599999999999,69.44,4307.16,88.98,438.55,76.64,346.63,0.0,0.0,554.43,733.42,439.13,702.37,758.46,168.55,NOVEMBRO
13/11/2024,3703.3,0.0,3703.3,64.42,57.34,108.31,108.75,0.0,131.35,492.46,691.37,506.37,568.02,797.65,177.26,NOVEMBRO
14/11/2024,4887.85,271.89,4615.96,329.32,284.99,62.7,495.75,0.0,32.84,726.15,927.56,495.96,302.61,783.88,174.2,NOVEMBRO
18/11/2024,5086.62,239.75,4846.87,271.24,274.61,0.0,481.8,91.22,24.36,626.4,740.0,290.97,1079.13,791.3,175.84,NOVEMBRO
19/11/2024,4740.44,74.15,4666.29,474.04,197.41,158.15,372.64,29.43,31.07,559.0,820.77,295.77,583.5,936.42,208.09,NOVEMBRO
20/11/2024,1274.68,203.97,1070.71,64.46,187.11,0.0,56.5,0.0,0.0,150.66,0.0,0.0,333.62,227.75,50.61,NOVEMBRO
21/11/2024,5451.17,308.93,5142.24,371.59,178.13,0.0,696.73,0.0,31.07,573.48,642.25,469.19,670.18,1235.14,274.48,NOVEMBRO
22/11/2024,5738.2300000000005,418.42,5319.81,286.62,122.5,88.26,568.73,0.0,125.35,580.91,532.39,407.55,886.84,1407.81,312.85,NOVEMBRO
23/11/2024,1754.44,57.67,1696.77,138.89,185.44,0.0,111.34,11.77,11.65,104.52,0.0,249.35,274.01,498.93,110.87,NOVEMBRO
25/11/2024,4553.95,0.0,4553.95,207.22,281.87,149.2,481.98,0.0,10.59,452.1,637.53,522.15,520.5,1056.12,234.69,NOVEMBRO
26/11/2024,5578.99,0.0,5578.99,336.28,383.86,70.57,687.37,57.38,0.0,542.12,745.16,447.33,804.48,1230.91,273.53,NOVEMBRO
27/11/2024,4571.5599999999995,74.45,4497.11,93.14,411.72,220.95,533.71,0.0,2.71,304.5,697.96,537.45,490.9,985.15,218.92,NOVEMBRO
28/11/2024,5059.53,0.0,5059.53,640.01,495.13,155.69,478.74,161.84,0.0,227.04,736.96,508.23,700.76,781.17,173.96,NOVEMBRO
29/11/2024,4366.29,316.92,4049.37,47.83,450.44,0.0,270.0,154.48,1.65,492.69,699.33,788.43,344.39,654.65,145.48,NOVEMBRO
30/11/2024,902.25,0.0,902.25,0.0,0.0,0.0,273.65,0.0,0.0,153.3,0.0,131.03,144.89,163.13,36.25,NOVEMBRO
02/12/2024,4747.759999999999,217.69,4530.07,211.51,361.56,261.47,407.39,29.43,11.65,406.25,695.0,335.61,791.27,833.67,185.26,DEZEMBRO
03/12/2024,5079.84,74.45,5005.39,279.98,435.35,194.96,652.68,0.0,63.44,404.98,446.42,474.97,900.32,942.78,209.51,DEZEMBRO
04/12/2024,5666.68,114.77,5551.91,400.86,542.0,0.0,849.56,35.31,1.65,420.14,650.19,438.43,917.77,1060.36,235.64,DEZEMBRO
05/12/2024,5369.97,161.84,5208.13,322.89,366.38,135.67,681.95,0.0,63.44,503.68,629.44,331.7,708.67,1198.07,266.24,DEZEMBRO
06/12/2024,4297.84,120.7,4177.14,203.39,463.63,73.21,476.39,0.0,0.0,406.45,613.43,460.71,683.69,651.47,144.77,DEZEMBRO
07/12/2024,1532.12,0.0,1532.12,0.0,68.22,13.55,69.03,0.0,1.29,168.84,235.58,237.1,140.36,489.4,108.75,DEZEMBRO
09/12/2024,4990.2,330.74,4659.46,529.05,396.18,136.64,502.49,58.85,0.0,356.43,466.27,676.27,642.64,731.98,162.66,DEZEMBRO
10/12/2024,4938.81,298.96,4639.85,307.0,231.81,104.84,606.07,5.89,2.12,513.68,451.16,403.38,690.72,1082.6,240.58,DEZEMBRO
11/12/2024,6130.09,0.0,6130.09,544.48,315.99,94.49,826.43,0.0,0.0,651.52,511.65,536.93,1136.39,1237.26,274.95,DEZEMBRO
12/12/2024,6094.9800000000005,200.09,5894.89,193.84,619.18,191.18,657.83,0.0,0.0,733.86,569.72,407.97,1125.62,1141.93,253.76,DEZEMBRO
13/12/2024,4803.75,55.38,4748.37,392.33,555.01,163.77,665.12,0.0,13.06,489.94,608.32,398.07,491.96,794.24,176.55,DEZEMBRO
14/12/2024,890.07,0.0,890.07,160.25,35.1,0.0,218.98,0.0,0.0,0.0,26.48,0.0,0.0,367.58,81.68,DEZEMBRO
16/12/2024,6260.3,0.0,6260.3,519.46,598.5,252.49,613.66,0.0,10.3,665.56,674.02,562.27,1007.78,1106.5,249.76,DEZEMBRO
17/12/2024,7141.63,147.12,6994.51,910.37,600.83,152.99,936.13,0.0,37.55,727.86,623.45,486.11,1087.05,1171.35,260.82,DEZEMBRO
18/12/2024,6723.47,0.0,6723.47,724.89,535.62,194.04,965.93,1.47,38.84,694.18,658.6,617.57,786.59,1231.97,273.77,DEZEMBRO
19/12/2024,6426.07,127.41,6298.66,391.65,496.62,142.51,502.28,211.86,0.0,588.09,780.16,602.59,1073.28,1235.14,274.48,DEZEMBRO
20/12/2024,5670.55,0.0,5670.55,467.81,327.01,69.34,604.6,129.47,3.88,697.55,550.18,642.99,700.82,1208.07,268.83,DEZEMBRO
21/12/2024,3124.54,97.99,3026.55,171.08,235.77,104.24,342.92,0.0,0.0,304.14,390.02,432.2,409.18,521.18,115.82,DEZEMBRO
23/12/2024,4960.09,57.56,4902.53,532.97,716.29,102.5,363.02,0.0,0.0,377.04,763.9,125.57,704.58,995.15,221.51,DEZEMBRO
24/12/2024,2091.37,0.0,2091.37,75.45,188.62,86.65,317.82,0.0,0.0,204.68,340.98,195.07,344.18,276.48,61.44,DEZEMBRO
26/12/2024,6461.32,0.0,6461.32,401.36,563.87,332.54,953.84,0.0,0.0,713.32,657.13,743.72,813.78,1048.71,233.05,DEZEMBRO
27/12/2024,6221.07,0.0,6221.07,544.07,628.54,225.57,740.8,0.0,0.0,640.46,490.28,684.72,918.85,1102.73,245.05,DEZEMBRO
28/12/2024,3005.98,0.0,3005.98,164.19,635.86,8.15,385.11,0.0,0.0,323.97,262.94,165.16,505.17,454.44,100.99,DEZEMBRO
30/12/2024,5882.55,0.0,5882.55,45.4,774.14,276.78,662.5,0.0,0.0,524.27,841.78,733.57,827.81,978.79,217.51,DEZEMBRO
31/12/2024,2137.97,0.0,2137.97,360.75,294.53,92.17,432.49,0.0,0.0,245.66,246.7,173.83,291.84,0.0,0.0,DEZEMBRO
